{
    "HitResiduals_TEC_PLUS_wheel1_mean": [
        {
            "run": 272716, 
            "ymax": 0.1, 
            "y": -0.003301481938037528, 
            "x": 1.0, 
            "ymin": -0.1, 
            "yErr": 0.01610820906807441, 
            "yTitle": "HitResiduals TEC Wheel 1 Mean"
        }
    ]
}