{
    "HitResiduals_TEC_MINUS_wheel1_mean": [
        {
            "run": 272716, 
            "ymax": 0.1, 
            "y": 0.041251620507359296, 
            "x": 1.0, 
            "ymin": -0.1, 
            "yErr": 0.024235438928699806, 
            "yTitle": "HitResiduals TEC Wheel 1 Mean"
        }
    ]
}