{
    "HitResiduals_TEC_MINUS_wheel4_mean": [
        {
            "run": 272716, 
            "ymax": 0.1, 
            "y": -0.027780660873619266, 
            "x": 1.0, 
            "ymin": -0.1, 
            "yErr": 0.017990525364064452, 
            "yTitle": "HitResiduals TEC Wheel 4 Mean"
        }
    ]
}