{
    "HitResiduals_TEC_MINUS_wheel1_rms": [
        {
            "run": 272716, 
            "ymax": 0.2, 
            "y": 0.10282225926909641, 
            "x": 1.0, 
            "ymin": -0.05, 
            "yErr": 0.01713704321151607, 
            "yTitle": "HitResiduals TEC Wheel 1 RMS"
        }
    ]
}