{
    "HitResiduals_TEC_MINUS_wheel4_rms": [
        {
            "run": 272716, 
            "ymax": 0.2, 
            "y": 0.06486576167266983, 
            "x": 1.0, 
            "ymin": -0.05, 
            "yErr": 0.012721222482038556, 
            "yTitle": "HitResiduals TEC Wheel 4 RMS"
        }
    ]
}