{
    "HitResiduals_TIB_layer3_rms": [
        {
            "run": 290198, 
            "ymax": 0.05, 
            "y": 0.00482851055243788, 
            "x": 1.0, 
            "ymin": -0.05, 
            "yErr": 0.0007634545525930794, 
            "yTitle": "HitResiduals TIB Layer 3 RMS"
        }, 
        {
            "run": 290510, 
            "ymax": 0.05, 
            "y": 0.003154029459247948, 
            "x": 2.0, 
            "ymin": -0.05, 
            "yErr": 0.0004866773114410836, 
            "yTitle": "HitResiduals TIB Layer 3 RMS"
        }
    ]
}