{
    "HitResiduals_TIB_layer1_rms": [
        {
            "run": 290189, 
            "ymax": 0.05, 
            "y": 0.0023466172412852657, 
            "x": 1.0, 
            "ymin": -0.05, 
            "yErr": 0.00046020950400949375, 
            "yTitle": "HitResiduals TIB Layer 1 RMS"
        }, 
        {
            "run": 290198, 
            "ymax": 0.05, 
            "y": 0.0020591055558292666, 
            "x": 2.0, 
            "ymin": -0.05, 
            "yErr": 0.0002426679169509616, 
            "yTitle": "HitResiduals TIB Layer 1 RMS"
        }, 
        {
            "run": 290351, 
            "ymax": 0.05, 
            "y": 0.0026976508604714335, 
            "x": 3.0, 
            "ymin": -0.05, 
            "yErr": 0.000426536052550141, 
            "yTitle": "HitResiduals TIB Layer 1 RMS"
        }, 
        {
            "run": 290510, 
            "ymax": 0.05, 
            "y": 0.003028054355998981, 
            "x": 4.0, 
            "ymin": -0.05, 
            "yErr": 0.0003343926635705541, 
            "yTitle": "HitResiduals TIB Layer 1 RMS"
        }
    ]
}