{
    "HitResiduals_TIB_layer4_rms": [
        {
            "run": 290198, 
            "ymax": 0.05, 
            "y": 0.002818482234039247, 
            "x": 1.0, 
            "ymin": -0.05, 
            "yErr": 0.0004572181934376531, 
            "yTitle": "HitResiduals TIB Layer 4 RMS"
        }, 
        {
            "run": 290351, 
            "ymax": 0.05, 
            "y": 0.002992511654400257, 
            "x": 2.0, 
            "ymin": -0.05, 
            "yErr": 0.0005655315452146819, 
            "yTitle": "HitResiduals TIB Layer 4 RMS"
        }, 
        {
            "run": 290510, 
            "ymax": 0.05, 
            "y": 0.011293318348001475, 
            "x": 3.0, 
            "ymin": -0.05, 
            "yErr": 0.0014828853474253285, 
            "yTitle": "HitResiduals TIB Layer 4 RMS"
        }
    ]
}