{
    "HitResiduals_TIB_layer3_mean": [
        {
            "run": 290198, 
            "ymax": 0.005, 
            "y": -0.0008798837661743164, 
            "x": 1.0, 
            "ymin": -0.005, 
            "yErr": 0.0010796877825326164, 
            "yTitle": "HitResiduals TIB Layer 3 Mean"
        }, 
        {
            "run": 290510, 
            "ymax": 0.005, 
            "y": 0.0008144038064139229, 
            "x": 2.0, 
            "ymin": -0.005, 
            "yErr": 0.0006882656543392552, 
            "yTitle": "HitResiduals TIB Layer 3 Mean"
        }
    ]
}