{
    "HitResiduals_TIB_layer4_mean": [
        {
            "run": 290198, 
            "ymax": 0.005, 
            "y": -0.00137907580325478, 
            "x": 1.0, 
            "ymin": -0.005, 
            "yErr": 0.0006466041701232542, 
            "yTitle": "HitResiduals TIB Layer 4 Mean"
        }, 
        {
            "run": 290351, 
            "ymax": 0.005, 
            "y": 0.0010355540684291295, 
            "x": 2.0, 
            "ymin": -0.005, 
            "yErr": 0.0007997823811924164, 
            "yTitle": "HitResiduals TIB Layer 4 Mean"
        }, 
        {
            "run": 290510, 
            "ymax": 0.005, 
            "y": -0.002082898699004075, 
            "x": 3.0, 
            "ymin": -0.005, 
            "yErr": 0.0020971165697732386, 
            "yTitle": "HitResiduals TIB Layer 4 Mean"
        }
    ]
}