{
    "HitResiduals_TIB_layer1_mean": [
        {
            "run": 290189, 
            "ymax": 0.005, 
            "y": 6.926976717435397e-05, 
            "x": 1.0, 
            "ymin": -0.005, 
            "yErr": 0.0006508345221032214, 
            "yTitle": "HitResiduals TIB Layer 1 Mean"
        }, 
        {
            "run": 290198, 
            "ymax": 0.005, 
            "y": -0.00020279486974080405, 
            "x": 2.0, 
            "ymin": -0.005, 
            "yErr": 0.00034318425930487777, 
            "yTitle": "HitResiduals TIB Layer 1 Mean"
        }, 
        {
            "run": 290351, 
            "ymax": 0.005, 
            "y": 0.0007950186729431153, 
            "x": 3.0, 
            "ymin": -0.005, 
            "yErr": 0.0006032130703574925, 
            "yTitle": "HitResiduals TIB Layer 1 Mean"
        }, 
        {
            "run": 290510, 
            "ymax": 0.005, 
            "y": -0.00027561187744140625, 
            "x": 4.0, 
            "ymin": -0.005, 
            "yErr": 0.00047290263997954124, 
            "yTitle": "HitResiduals TIB Layer 1 Mean"
        }
    ]
}