{
    "HitResiduals_TEC_PLUS_wheel2_rms": [
        {
            "run": 272711, 
            "ymax": 0.2, 
            "y": 0.06174785250553081, 
            "x": 1.0, 
            "ymin": -0.05, 
            "yErr": 0.010915581307591897, 
            "yTitle": "HitResiduals TEC Wheel 2 RMS"
        }, 
        {
            "run": 272714, 
            "ymax": 0.2, 
            "y": 0.05089628992128703, 
            "x": 2.0, 
            "ymin": -0.05, 
            "yErr": 0.009618494699112048, 
            "yTitle": "HitResiduals TEC Wheel 2 RMS"
        }
    ]
}