{
    "HitResiduals_TEC_PLUS_wheel3_rms": [
        {
            "run": 272711, 
            "ymax": 0.2, 
            "y": 0.03757516090873313, 
            "x": 1.0, 
            "ymin": -0.05, 
            "yErr": 0.007669997602447436, 
            "yTitle": "HitResiduals TEC Wheel 3 RMS"
        }, 
        {
            "run": 272714, 
            "ymax": 0.2, 
            "y": 0.026195964345398, 
            "x": 2.0, 
            "ymin": -0.05, 
            "yErr": 0.005347228830530521, 
            "yTitle": "HitResiduals TEC Wheel 3 RMS"
        }, 
        {
            "run": 272716, 
            "ymax": 0.2, 
            "y": 0.014933954549246405, 
            "x": 3.0, 
            "ymin": -0.05, 
            "yErr": 0.0028222521305748343, 
            "yTitle": "HitResiduals TEC Wheel 3 RMS"
        }
    ]
}