{
    "HitResiduals_TIB_layer3_rms": [
        {
            "run": 272711, 
            "ymax": 0.05, 
            "y": 0.0047664147110045955, 
            "x": 1.0, 
            "ymin": -0.05, 
            "yErr": 0.0004351121426069474, 
            "yTitle": "HitResiduals TIB Layer 3 RMS"
        }, 
        {
            "run": 272712, 
            "ymax": 0.05, 
            "y": 0.003003034567989119, 
            "x": 2.0, 
            "ymin": -0.05, 
            "yErr": 0.0006402491211359413, 
            "yTitle": "HitResiduals TIB Layer 3 RMS"
        }, 
        {
            "run": 272714, 
            "ymax": 0.05, 
            "y": 0.0035989731144296763, 
            "x": 3.0, 
            "ymin": -0.05, 
            "yErr": 0.000308609398545309, 
            "yTitle": "HitResiduals TIB Layer 3 RMS"
        }, 
        {
            "run": 272716, 
            "ymax": 0.05, 
            "y": 0.002951010963916469, 
            "x": 4.0, 
            "ymin": -0.05, 
            "yErr": 0.00026083498299264815, 
            "yTitle": "HitResiduals TIB Layer 3 RMS"
        }
    ]
}